cluster,age,balance,duration,campaign,pdays,previous,yes_rate
0,41.789200019081235,1460.0022420455089,258.073892095597,3.0936888804083384,-0.7219386538186329,0.004770309593092592,0.1196393645947622
1,40.94390810216302,1551.291335695955,260.5071489673714,2.057436148111939,225.8908713185873,3.193083221312477,0.2309666381522669
2,39.81923436041083,1138.4648615001556,257.08546529723003,2.6932461873638345,-0.9926548397136632,0.0004979769685652039,0.05546218487394958
